Id,color
Satkiewicz-Barabach Gabriela,0
Łęcka Maria,0
Zbyryt Iwona,0
Grzywa Renata,0
Niewiadomska Maria,0
Ramia̧czek-Krasowska Maria,0
Gawlik Andrzej,0
Hodge Howard,0
Malecha Ziemowit Miłosz,0
Szymborska Katarzyna,0
Linhart Wojciech M.,0
Gorska Monika,0
Poloczek Przemysław,0
Szczepańska Patrycja,0
Pawliszewska Maria,0
Zawada Agnieszka,0
Zielony Michał,0
Dzik Małgorzata,163
Gancarz J.,0
Lesiak Anna,0
Pliński Edward F.,0
Szydłowska Katarzyna,0
Maryński Aleksander,0
Poniak Gryzelda,0
Wojtowicz Wojciech,0
Ga̧sior Katarzyna M.,0
Czajewska Kamila,0
Zajc Piotr,0
Kotowski Piotr,0
Naplocha Krzysztof,0
Kowal Dominik,0
Szymczycha Anna,0
Naciaek Paulina,0
Bocian Mirosław,0
Pigłowski Jacek M.,163
Ptak Mariusz,0
Szyszka Adam,0
Nieradka Konrad,0
Ostrycharz Elzbieta,0
Gładysiewicz Lech,0
Smykowski Daniel,163
Biegański Piotr,163
Komorek Urszula,0
Gryga Lukasz,0
Mielczarek Arkadiusz,0
Kłonowski Łukasz,0
Łuczyński Jacek,0
Niewodniczański Wawrzyniec,0
Duraj Ilona,0
Grzegolec Kamila,0
Wojaczyńska Maria,0
Baȩczkowska K.,0
Serafin-Lewańczuk Monika,0
Wolińska Ewa,0
Teterycz Helena,0
Łydżba Patrycja,0
Janicki L.,0
Widomski Paweł,0
Friedel Kazimierz P.,0
Bryjak M.,0
Urbańczyk W.,0
Kotlewska Urszula,0
Bojszczak Wojciech,0
Rowiński Sławomir,0
Zimroz Radoslaw,0
PopioŁek-Masajada Agnieszka,0
Szczurek Anna,0
Matuska Sabina,0
Kuchta Bogdan,163
Kozioł Paweł E.,0
Kubicki Wojciech,0
Żak Małgorzata,0
Lorenc Wojciech,0
Zarȩba-Grodź Iwona,0
Mróz Józef,0
Sujka Marta,0
Orzeł Sebastian,0
Videnova-Adrabińska Veneta,0
Cichy T.,0
Hoffmann Krystyna,0
Tarnowski Karol,0
Lenartowicz Paweł,0
Nowak Bartłomiej,0
Popiotek-Masajada Agnieszka,0
Pozniak M.,0
Nowakowski Robert,0
Nowak Piotr,0
Grzechowiak Jolanta R.,0
Grabowski Maciej,0
Ostrycharczyk Michał,0
Skudlarski Krzysztof,0
Waszczuk Karol,0
Basara H.,0
Świetlik Urszula,0
Bronowska Wiesława,0
Hudzikowski Arkadiusz J.,0
Iluk Artur,0
Stefański Przemysław,0
Gronosta Zbigniew,0
Topolski Mariusz,0
Burzyńska Agnieszka,0
Stawska Hanna Izabela,0
Hernik Katarzyna,0
Kohyt Maria,0
Zelewski Szymon J.,0
Kasprowicz Magdalena,163
Lorenc-Grabowska Ewa,0
Mucha S. G.,0
Kopczyński A.,0
Świst Agnieszka,0
Miller Mirosław,0
Kotwica Tomasz,0
Łatka Leszek,163
Rogowska Marta E.,0
Sokołowski Adam,0
Stefanow Marcin,0
Klak M. M.,0
Kociołek Daria,0
Ulatowska-Jarz?a Agnieszka,0
Sobolewska Anna,0
Sowa Michał,0
Wilk Kazimiera Anna,0
Nowak Maciej Roman,0
Tuhy Łukasz,0
Agnieszka Urbanowska,0
Surygała Jan,0
Sznajd-Weron Katarzyna,0
Falewicz Piotr,0
Pyka Dariusz,0
Zolnacz Kinga,0
Polańska Jolanta,0
Hajdusianek A.,0
Reclik Grzegorz,0
Duchiewicz Tomasz,0
Skarzewski Jacek,0
Dorczyński Mateusz,0
Obstarczyk Agata,0
Garbaciak Leszek,0
Brylak Markus,0
Michalak Izabela,163
Brach Katarzyna,0
Gordel Marta,0
Lechna-Marczyńska Monika,0
Emilianowicz Jarosław,0
Jankowska-Kuchta Elzbieta B.,0
Janiak Filip,0
Grytsko Anna,0
Samoć Marek,0
Grygier Dominika,0
Dzièdzioła Gabriela,0
Szustakiewicz Konrad,0
Mech Rafał,0
Musiał Anna,0
Plawecki Tomasz,0
Klimas Olga,0
Halek Patryk,0
Grzelka Agnieszka,0
Galuszka Gabriela,0
Hruszowiec Mariusz G.,0
Machnikowski P.,0
Wełna Monika,0
Murawski Edward,0
Kruczkiewicz Paulina,0
Wełna Maja,0
Statkiewicz Gabriela,0
Kulczycki Piotr,0
Olszewski Tomasz Krzysztof,0
Ozdoba Maksymilian,0
Magdziarz Marcin,0
Jabłońska Katarzyna,0
Iwanejko Jakub,0
Maślanka Marta,0
Mikula Katarzyna,0
Janik Ryszard,0
Kaczmarek Danuta,0
Jdrychowska Agnieszka,0
Luty Tadeusz,0
Helak Z.,0
Ciȩzkowski Wojciech,0
Górski Przemyslaw A.,163
Brenk Arkadiusz Patryk,0
Dowhań Łukasz,0
Dziedzic-Letka Agnieszka,0
Szczurek Andrzej,163
Cierlik Agata,0
Kaczyński Paweł,0
Pucicki Damian,0
Garncarz Beata E.,0
Strózyk Aleksandra,0
Szczałba Ewelina,0
Holowiecka Beatrycze A.,0
Kleniewska Karolina,0
Orski Wojciech,0
Miernik Danuta,0
Wojtyna E.,0
Abramski Krzysztof Marek,0
Sowin̂ska Małgorzata,0
Burchacka Ewa,163
Seȩk Grzegorz,0
Dobrzyńska Danuta,0
Banach Marcelina,0
Chamera Agata,0
Walkowiak Urszula,0
Zagożdżon Katarzyna D.,0
Sawicka Dorota,0
Frankiewicz,0
Krzak Justyna,0
Salejaa Wlodzimierz,0
Jacak Lucjan,0
Nowakowska-Oleksy Anna,0
MacHnikowski Jacek,0
Kowalska-Pyzalska Anna,0
Hoffmann Józef,0
Zdunek Rafał,0
Jarząb Przemysław P.,0
Leszek Golonka,0
Sobkow Jacek,0
Stolarski Marek,163
Winiewski K.,0
Wiśniewski Jacek A.,0
Michalska Revisited Danuta,0
Pajewski Łukasz,0
Tarczewska Aneta,0
Woźniak Joanna,0
Pawlaczyk Izabela,0
Ludwiczak Joanna,0
Strasburger Krzysztof,0
Woźniak Michał,163
Wosińska-Hrydczuk Marzena,0
Fra̧ckowiak Stanisław,0
Moyseowicz Adam,0
Lisek I.,0
Kutrowska-Girzycka J.,0
Latkowska-Baranowska M.,0
Hebda-Sobkowicz Justyna,0
Zaluk Zbigniew,0
Sęk Grzegorz,0
Wyborski Paweł,0
Kowalska Izabela,0
Wieczorek Elżbieta,0
Górska Lucyna,0
Jaworowski Błażej,0
Gõrecki Łukasz,0
Szatkowski,0
Ziemianek M.,0
Misiewicz Jan,0
Wosko Mateusz,0
Zdanowicz Ewelina,0
Borowik Tomasz,0
Królewicz Michał,0
Roztoczyńska Agnieszka,0
Kosek Wojciech,0
Wolska Małgorzata,0
Kubisa Maciej,0
Dawiec-Liśniewska Anna,0
Laska Urszula,0
Brzezińska-Rodak Małgorzata Ł.,0
Połoczański Rafał,0
Jaguś Pawel,0
Grzyb Bartosz,0
Hachoł Andrzej,0
Orłowska Karolina,0
Jasieńko Jerzy,163
Holband Jolanta,0
Latajka Rafał,0
Kawałko Jarosław,0
Artmańska Małgorzata,0
Kobel Joanna,0
Janczura Joanna,0
Szatkowski Janusz,0
Gronostajki Zbigniew,0
Langner Marek,163
Szkudlarek Jerzy,0
Wajszczuk Robert A.,0
Skarżewski Jacek,0
Krüger Tyll S.,0
Boduszek B.,0
Winiarska Beata,0
Łochowski J.,0
Kaleta Rafał,0
Tesarski Sebastian J.,0
Jankowiak Urszula,0
Sulecki Przemysław,0
Prusisz Bartłomiej,0
Walczak Rafał D.,0
Serwadczak Małgorzata,0
Kómorowski Ludwik,0
Brzezi?ska Marta,0
Dudek Malgorzata,0
Toczek Dariusz,0
͆lęzak Jakub K.,0
Masajada Jan,0
Żołnierek Andrzej,0
Zwierta Rafał,0
Bastrzyk Anna,0
Placek Micha? M.,0
Sokołowski Jakub,0
da Silva Daniel Luiz,0
Krzempek Karol,0
Pokomeda Karol,0
Herman Barbara,0
Zawierucha Paweł,0
Bartnicki Grzegorz,0
Płocinniczak Łukasz,0
Chorowski Maciej,163
WymysŁowski Artur,163
Tsirigotis-Maniecka Marta,0
Jóźwik Agnieszka,0
Obstarczyk Patryk,0
Świderska-Bróż Maria,0
Baranowski Marcin,0
Krojcer Anna,0
Zierkiewicz Wiktor,0
Bacia Marcin,0
Musia A.,0
Tyc Michał H.,0
PŁaczek-Popko Ewa,0
Jarema Michał,0
Wielgus Pawel,0
Zaja̧c Marek,0
Działak Paulina,0
WoŁcyrz Małgorzata M.,0
Parkitna Jan M.Rodriguez,0
Wylomańska Agnieszka,163
Pach Joanna,0
Sitarek Piotr,0
Świa̧tkowski Michał,0
Żelazna Karolina,0
Antończak Arkadiusz J.,163
Les̈niewicz Anna,0
Słobodzian Piotr M.,163
Hałdys Katarzyna,0
Jaroszewska Karolina,0
Jan Dziuban,0
Bednarska Joanna,0
Gryglewicz Jacek,0
Lesiuk Grzegorz,0
Oliva Robert,0
Nowak Damian,163
Tomkáw K.,0
Wojcieszak Damian,0
Da̧browski Paweł,0
Grzondko Mateusz,0
Skrzypczak Dawid,0
Łupicka-Słowik Agnieszka,0
Osajda Mariusz,0
Popiołek-Masajada Agnieszka,0
Augustyniaka I.,0
Józef Oleksyszyn,0
Filipiak Jarosław,163
Nowicka-Zagrajek Joanna,0
Piwowarczyk Tomasz,0
Foerster A.,0
Śliwa Mariusz,0
Bunio Paulina,0
Smolinska-Kempisty Katarzyna,0
Wójcik Grazyna M.,0
Magdalena Szostak M.,0
Bkowicz Julia,0
Pokładek Ziemowit,0
Gancarz Roman,163
Czarczyńska Henryka,0
Chojnacka Ida,0
Chojnacki Kamil,0
Juchniewicz Lesław,0
Bański Mateusz,0
Kucharczyk Barbara,0
Dolega Anna,0
Lochyński Stanisław,0
Zielińska-Błajet Mariola,0
Garczarek Piotr,0
Rusiński Eugeniusz,163
Indykiewicz Kornelia,0
Stachowiak Dorota,0
Staszak Zbigniew,0
Zwierzchwoski M.,0
Pruchnik Bartosz,0
Witkowski Jerzy S.,0
Rejek Joanna,0
Zapała Iwona,0
Roztoczyska Agnieszka,0
Andrzejewski Janusz,0
Sowa Andrzej E.,0
Torreilles Christophe,0
Górecka-Drzazga Anna,0
Rudzińska-Szostak Ewa,0
Dusanowski Łukasz,0
Winnicki Tomasz Z.,0
Sówka Izabela,163
Ziółek Bozena,0
Zawada Joanna,0
Krolicka Aleksandra,163
Myśliwiec Jarosław,0
Kubicz Elżbieta,0
Góra Robert W.,163
Charewicz Witold A.,0
Owsik Izabela A.,0
Zarowska Anna,0
Woaźniak Władysław A.,0
Malewski Jerzy,0
Matczak-Jon Ewa,0
Chlebicki Jan,0
Rycerz Leszek,163
Racino Anna,0
Jezierski Krzysztof,0
Przylibski Tadeusz Andrzej,0
Puszyńska-Tuszkanow Mariola,0
Konwent Henryk,0
Guzik M.,0
Mazur Michalł,0
Drewniak Marta,0
Furtak Milena,0
Pakuła Szymon,0
Miśta Wojciech,0
Tiaczala Marek,0
Derlukiewicz Damian,0
Wachel Paweł,163
Indyka Joanna,0
Grabowiecka Agnieszka Monika,0
Łabȩcka I.,0
Czernicka Anna,0
Kurek Piotr,0
Blicharski Paweł,0
Wiench Piotr,0
Poprawski Ryszard,0
Zalé Sny Robert,0
Okwieka Urszula,0
Gibas Krzysztof,0
Wódka Jerzy,0
Winiarski Juliusz,0
Kapała Jan,0
Porwoł Marta,0
Mlłochowski Jacek,0
Noga Andrzej,0
Fiałkowski J.,0
Podbielska Halina M.D.,0
Dańczak Anna,0
Cielak-Golonka Maria,0
Oleszko Adam,0
Miazga Wioletta,0
Mager Jerzy,0
Kowalczyk Rafał,0
Drzazga Anna Gorecka,0
Sadowska Daria,0
Miniewicz Andrzej,0
MacIejewska Monika,0
Gawełczyk Michał,0
Dusanowski Å Ł,0
Gołonka Leszek J.,0
Wójtowicz Halina,0
Konieczny Krzysztof,0
Malik-Gajewska Magdalena,0
Dudziak Eugeniusz,163
Cholewiński MacIej,0
Adamow Alina,0
Oleksyszyn Józef,0
Kunicki Piotr,0
Łuszczyk Katarzyna,0
Jeleń Łukasz,0
Mayer Paulina,0
Mironiuk Małgorzata,0
Kozłowska Justyna,0
Wojciechowska Agnieszka,0
Kierzek Krzysztof,0
Klimek-Ochab Magdalena,0
Klem Ewelina,0
Loch-Olszewska Hanna,0
Szabat Bozena,0
Badura Mikolaj,0
Gotszalk Teodor Paweł,0
Tkocz Katarzyna,0
Modelski Szymon Z.,0
Domaradzki Jarosław,0
Masalska Agata,0
Szmigiel-Merena Beata,0
Płociniczak Łukasz,0
Koźlecki Tomasz,0
Nowak Anna M.,0
Maria Da̧browska Szata,0
Miniach Ewa,0
Giedroyć-Piasecka Wiktoria,0
Soboń Grzegorz,0
Mhizha Sungano,0
Gierczak Mirosław Gracjan,0
Adamski Zbigniew,0
Smolnicki Tadeusz,163
Bieniek Maciej,0
Mołczan Marek,0
Grȩda Krzysztof,0
Ziewiecki Rafał,0
Szczygieł Bogdan,163
Jankowski Krystian,0
Rutkowski Marcin,0
Zawierta Rafał,0
Mehl Joanna,0
Zale?ny Robert,0
Kròl-Stȩpniewska Lubomiła,0
Borkowska-Burnecica J.,0
Dziuban Jan Andrzej,0
Torchała Kamila,0
WoŁowiec Paulina,0
Kowalska Zuzanna,0
Podwin Agnieszka,0
Ćwik K.,0
Jabłoński Paweł,0
Maciejewski Maciej,0
Langer Lukasz,0
Gumienny Zbigniew,163
Henrykowski Artur,163
Weron Karina,0
Pawicki Łukasz,0
Noculak Agnieszka,0
Rusek Agnieszka,0
Żymańczyk-Duda Ewa,0
Jurkowska Aleksandra,0
Bryja Leszek,0
Majewski Bartosz W.,0
Procek Jan,0
Parafiniuk Kacper,0
Komorowska MaŁgorzata,163
Popiolłek-Masajada Agnieszka,0
Brol Anna,0
Kalicinski Tomasz,0
Królicki Franciszek,0
Kobielarz Magdalena,0
Szelag Ewa,0
Bartecki Adam M.,0
Świerczyńśki Ryszard,0
Woźniak Tomasz,0
Komorowska Katarzyna,0
Ząbek Adam,0
Stȩpak Bogusz D.,0
Zoglowek Anna,0
Stawińska Justyna,0
Olender Anna,0
Serafin Tomasz,0
Jacak Dorota,0
Wojnakowski A.,0
Leszczyński P.,0
Markiewicz Natalia,0
Patela Segiusz,0
Oleszkiewicz Waldemar,163
Łasisz St,0
Pokrzywnicka Aleksandra,0
Hossa Robert,163
Bryjak A.,0
PlŁaczek-Popko E.,0
Grzesiak Dawid,0
Kȩdzierski Paweł,0
Jędrzejewski Arkadiusz,0
Talma Michał,0
Baluta Sylwia,0
Czajkowski Mac Iej,0
Radojewska Ewa Beata,0
Polak Sławomir,0
Eymańczyk-Duda Ewa,0
Marciniszyn Tomasz,0
Jurlewicz Agnieszka,0
Pawlak Barbara,0
Zych Tomasz,0
Teuerle Marek,0
Balcerzak Lucyna,0
Sieńczyk Marcin,0
Tadaszak Rafał J.,0
Wnukowski Mateusz,163
Szczȩsna Dorota H.,0
Łakomska Sylwia,0
Smok Patrycja,0
Paszkiewicz Regina,0
Turowska-Tyrk Ilona,0
Malłysa P.,0
Woźniak Barbara,0
Błażejewski Wojciech,0
Lechna Monika I.,0
Jasieńko Maria,0
Witek Kamila,0
Justyniarski Adrian,0
Lech Magdalena,0
TŁaczaŁa Marek J.,0
Boratýnski Bogusław S.,0
Ściana Beata,0
Górecki Ignacy,0
Klem-Marciniak Ewelina,0
Szwabiński Janusz,0
Szostak Krzysztof,0
Olejarz Joanna,0
Nacia̧zek Paulina,0
Sńiadek Patrycja,0
Martynkien Tadeusz,0
Wielkopolski Witold,0
Kozłowska Katarzyna,0
Bielak Katarzyna,0
Serwin A.,0
Dorsz Mateusz,0
Abramiuk Angelika,0
Krysztof Michał,0
Stojek Krzysztof,0
Krówka Katarzyna,0
Zieliński Maciej,0
Szeloch Roman F.,0
Witek Joanna,0
Klauzer-Kruszyna Agnieszka,0
Zając Dorota,0
Biłyk Andrzej,0
Kozowska Justyna,0
Duda Maciej,0
Bochno Marta,0
Młochowski Jacek,0
Baì̈kowicz Julia,0
Roszak Katarzyna,0
Helios Katarzyna,0
Leniec Monika,0
Rac-Rumijowska Olga,0
Nikodem Michal,0
Rutkowski Piotr,163
Wielgoszewski Grzegorz,0
Dawidowski Wojciech,0
Sznitko L.,0
Wiśniewska Grazßyna,0
Sadowski Tomasz,0
Rojek Tomasz,0
Baszczuk A.,0
Kaczyński Marek,0
Nowak Piotr M.,163
Jȩdrychowska Agnieszka,0
Dbrowska-Szata M.,0
Gradzka Marzena,0
Korbutowicz Ryszard,0
Fra?czek Wojciech,0
Orłowski Marek Marek,0
Duczmal Marek,0
Kaliciak K.,0
Kurcbach Konrad,0
Statkiewicz-Barabach Gabriela,0
Poznar Monika,0
Paradowska Karolina M.,0
Tłaczała T.,0
Walker Piotr,0
Golonka I.,0
Gadysiewicz M.,0
Gelczuk Łukasz,0
Kozłowski Marek A.,0
Frączkowska Kaja,0
Tazbir Igor,0
Fałat Tomasz,0
Bieñko Dariusz C.,0
Piasecki Andrzej,0
Sójka Lukasz,0
Winiarski Lukasz,0
Orlikowska Hanna,0
Płócienniczak Łukasz,0
Polowczyk Izabela,0
Pietrusiak Damian,0
Salejda WŁodzimierz,0
Jòz̀wiak Ireneusz J.,163
Ewa Burchacka,0
Blazejewska Patrycja,0
Maniak Halina,0
Kawalec W.,0
Kaczmarck D.,0
Niesobska Anita,0
Pucek Agata,0
Kozioł Agata,0
Sitko Piotr,0
Turkiewicz Bozena,0
Kowalczyk Marcin,0
Szafran Roman Grzegorz,163
Dzierka Andrzej,0
Olech Kamila,0
Jacak Janusz Edward,0
Noga Joanna,0
Halek Grzegorz,0
Sçk Grzegorz,0
Szarycz Małgorzata,0
Pražmowska Joanna,0
Barycka Irena,0
Kiliszkiewicz Milena,0
Asejczyk-Widlicka Magdalena,0
Kafarski Paweł,0
Kaczorowska Aleksandra,0
Borsukowski T.,0
Wȩgrzyńska Joanna,0
Balicki Sebastian,0
Wiȩckowski Tadeusz W.,163
Tomaszek Rafal,0
Zyrnicki Wieslaw,0
Stecka Helena,0
Piasecki Tomasz,163
Chojnacka Magdalena,0
Więch Anna,0
Bielska Katarzyna,0
Kieryk Maciej,0
Makowski Ryszard A.,0
Małozić Grzegorz,0
Matkowski M.,0
Dzimitrowicz Anna,0
Pietrusewicz Ewa,0
Górak Monika,0
Starosta Jan,0
Szatkowski Mateusz,0
Sadowski Marek,0
Maciejowska Katarzyna,0
Trochimczuk Witold M.,0
Bryjak Jolanta,0
Sitek Anna,0
Pawlikowski Janusz Marek,0
Witek Stanisłlaw,0
Cyganowski Piotr,0
Kulas Zbigniew M.,163
Jakób Michał,0
Obłak Michał,0
Rybaczuk Marek,163
Grzelczak Michał P.,0
Pawlak-Kruczek Halina,0
Fałtynowicz Hanna,163
Bielecka Urszula,0
Majewska Paulina,0
Dominik Jurkow,0
Kaszuba Marcin,0
Bieniecki Albert,0
Rudno-Rudziski W.,0
Błędowski Michał,0
Marciniak Monika,0
Młnarz Piotr,0
Witkowska Zuzanna,0
Mroczka Janusz,163
Chmielewski Tomasz,163
Wójcik Michał R.,0
Synowiec Zdzisław,0
Ziemba Jacek,0
Gryglewicz Stanisław,0
Nowak Jerzy,0
Janeczko Martyna,0
Śliwka Ewa,0
Urba ́nczyk Waclaw,0
Durko Martyna,0
Ortyl Ewelina,0
Urbanowicz Adam,0
Mossakowska Izabella,0
Chabowski Konrad,0
Sankowska Anna,0
Pałasz Zbigniew G.,0
Sareło Katarzyna,0
Małachowska Aleksandra,0
Sieradzka Karolina,0
Kot Krzysztof,0
Radosz Wojciech,0
Januszkiewicz Maksymilian,0
Rzepka Janusz,163
Woźna Marta,0
Kupczyński Michał,0
Hołubowicz Rafał,0
Kobylańska Anna,0
Marcjasz Grzegorz,0
Ćwikła Joanna,0
Pi̧ȩtka-Ottlik Magdalena,0
Nitka Weronika,0
Jamroziak Krzysztof,0
Taczaa M.,0
Lamperska Weronika,0
Michalczyk Mariusz,0
Kozerski Jakub,0
Wyciszkiewicz Małgorzata,0
Duda P.,0
Krueger Tyll,0
Masalska Aleksandra,0
Roszak Szczepan M.,163
Kotulska MaŁgorzata,163
Bogusławski Jakub,0
Mielnik-Pyszczorski Adam,0
Wysocka Katarzyna,0
Gȩbala Magdalena,0
Pilśniak Magdalena Rabiega,0
Biskupski Andrzej,0
Grzesiek Aleksandra,0
Wojaczyńska Elżbieta,0
Stelmach Ewelina,0
Kryszak Bartłomiej,0
Kubasiewicz-Ponitka Monika,0
Apriasz Rafał,0
Kaleta Jerzy,0
Rózycka Mirosława,0
Kucharski Paweł,0
Ort Owski Marek,0
Burneckl Krzysztof,0
Burczyk Bogdan,0
Majewska-Nowak Katarzyna M.,163
Szul-Pietrzak Elzbieta,0
Uryga Agnieszka,0
Augustyniak Ireneusz,0
Mucha Artur,0
Tomków Kazimierz,0
Janus Krzysztof,0
Grabarz Anna Maria,0
Siekierka Anna,0
Stoiek Krzysztof,0
Tobota Andrzej,0
Wocyrz Małgorzata M.,0
Popenda MacIej,0
Quintard C.,0
Jastrzembska Bogna,0
Waleńska Joanna,0
Jurków Dominik,0
Leluk Karol,0
Fra?czek Ewa,0
Gryglewicz Graz̊yna,0
Zabz̊a Andrzej,0
Koztowska Matgorzata,0
Knapkiewicz Paweł,0
Wysokíski R.,0
Mazur Anna,0
Libal Urszula,163
Lizanets Danylo,0
Grabarek Martyna,0
Grela Ewa,0
Szecówka Przemysław M.,0
Olszowski Andrzej,0
Rutkowska-Gorczyca Małgorzata,0
Drzozga Kamila,0
Kozak Aleksandra,0
Jakubiel Marta,0
Weron Rafał,0
Cieńska Małgorzata,0
Macegoniuk Katarzyna,0
Barańska Marzanna,0
Pawlaczyk-Graja Izabela,0
Odyjas Piotr,0
Panek Marek,0
Winiarska Katarzyna,0
Konieczna Magdalena,0
Nankiewicz Marcin,0
Kozłowski Tomasz,0
Rudnik Zofia,0
Kordon Ewa,0
Mirowska Nella,0
Kowalski Zbigniew W.,163
Herbut Piotr,0
Da̧browski Arkadiusz P.,0
Koz̊uch Maciej,0
Drobczyński Sławomir,0
Radziewicz Damian,0
Larkowska Maria,0
Bereś-Pawlik Elžbieta M.,163
Dach Barbara,0
Podemski Paweł,0
Beensh-Marchwicka Grazyna M.,0
Roguszczak Henryk,0
Wąsińska-Kałwa Małgorzata,0
Radosz Andrzej,163
Sarnowska-Habrat Katarzyna,0
Jermakowicz-Bartkowiak Dorota,0
Doskocz Joanna,0
Trochimczuk Andrzej W.,0
Gupta Anil,0
Nitsch Karol,0
Dybała Filip,0
Tomków Tomasz,0
Przybyłek Grzegorz,0
Mazur Zuzanna,0
Nowotarski Jakub,0
Galica Tomasz,0
Skarzìewski Jacek,0
Czarnota Aleksandra,0
Andruszewska Grazyna,0
Gajda Anna D.,0
Girones Julie,0
Woźniak Władysław A.,0
Wawrzyńczyk Dominika,0
Kasprzak Henryk T.,163
Soroka Mirosław,0
Fortuna Pawel,0
Oświȩcimska-Rusin Kamila,0
Wysocka-Kröl Katarzyna,0
Hawryluk Marek,0
Dworzak Łukasz,0
Okwieka-Lupa Urszula,0
Saeid Agnieszka,0
KieŁczawa Barbara,0
Ambroziak Andrzej,163
Kaczmarkiewicz Piotr,0
BORAK B.,0
Sikora Grzegorz,0
Urbańczyk Jerzy M.,0
Potasz Paweł,0
Trawczyński Janusz T.,163
Jaworski Piotr,0
Lewandowski Daniel,0
Kȩdzior Renata,0
Nowak-Szczepanowska W.,0
Poliński Jarosław,0
Gołojuch Grzegorz,0
Sawicki Marek,163
Jasieńko-Hałat Maria,0
Radojewski Jacek M.,0
Berlicki Tadeusz M.,0
Madziarz Maciej,0
Jedryczko Dominika,0
Łysiak Rafał,0
Hetman Paulina,0
Gusin Paweł,0
Bartkowiak-Jowsa Magdalena,0
Ciźman Agnieszka,0
Zgóra Jacek,0
MacIoszczyk Jan,0
Porȩba Marcin,0
Rottenkolber Matthias,0
Pogoda Dorota,0
Kamyczek Paulina,0
Nowak Romuald,0
Czmochowski Jerzy,0
Borwinńska Monika,0
Nawrot Witold,0
Kijaszek Wojciech,0
Kusto Jaroslaw,0
Ba¸kowicz Julia,0
Jamróz Piotr,163
Tarka Jan,0
Hołowacz Iwona,0
Górski Artur,0
Chołuj Marta,0
Lewandowski Tadeusz,0
Burda-Grabowska Małgorzata,0
Lipkowski Paweł,0
Kucharska Małgorzata,0
Mielczarski Sylwester,0
Haremza Kinga,0
Krzykowski Mateusz,0
Turkiewicz Marta,0
MacHerzyński Wojciech,0
Tomanik Magdalena,0
Wajs Jarosław,163
Karczewski Sławomir,0
Ślȩzak Jakub Karol,0
Nikodem A.,0
Soroko Grazyna,0
Jóźwiak Grzegorz,0
Rydzewska Agata,0
Skrzela Renata,0
Kozub Michał A.,0
Dobrucki Andrzej B.,163
Matkowski Przemysław Krystian,0
Dziełak Anna,0
Krawczyk Jakub,0
Wojciechowski Piotr M.,0
Mazur Michał,0
Kurzawa Adam,0
Wiśniewski Kamil,0
Babij Michał,0
Waszkielewicz Magdalena,0
Kosobudzki Mariusz,0
Popko Ewa,0
Jaworowska Jolanta,0
Suchorska-Wozniak Patrycja,0
Ciman Agnieszka,0
Groborz Katarzyna,0
Domagalska Beata W.,0
Kuriata-Adamusiak Renata,0
Gasperowicz Aleksandra,0
Pohl Pawel,0
Jarzycka Anna,0
Dmitruk Anna,0
Giermańska Joanna,0
Głuszek Józef,0
Szostak Maciej Magdalena,0
Kapaa Jan,0
Witek Anna,0
Sobianowska-Turek Agnieszka,0
Rudno-Rudziňski Wojciech,0
Rupicz Krystyna,0
Dudek Jerzy,0
Zbela Agnieszka,0
Licznerski Tomasz J.,0
Marcin Sieńczyk,0
Młynarz Piotr,0
Kowal Mateusz,0
Pawlik Elżbieta Beres,163
Małoziȩć Grzegorz,0
Jankowski Ludomir J.,163
Olszewski Jacek,0
Prociów Eugeniusz L.,0
Zaręba Jan K.,0
Kośnikowski Wojciech,0
Bardziński Piotr Józef,0
Gonczarek Ryszard,163
Czok Mateusz J.,0
Malcher Kazimierz,0
Duda Monika Maria,0
Boratyński Przemysław J.,0
Brzezińska-Rodak Małgorzata,0
Tomczyk Jakub,0
Śródka D. W.,0
Bocheński Jakub,0
Przybyło Magdalena,0
Bartkiewicz S.,0
Szczurek M.,0
Walski Tomasz,0
Przerwa-Tetmajer Tadeusz,0
Wodecki Jacek,0
Czopor Julita,0
Kaczmarek Paweł Roman,0
Kosikowska Paulina,0
Donesz-Sikorska Anna,0
Zagożdżon Paweł Przemysław,0
Hardygóra Monika,0
Sołoducho Jadwiga,0
Cieǎslak-Golonka M.,0
Grzymajło Michał,0
Syper Ludwik,0
Posadowski Witold Michał,0
Zdanowski Jerzy,163
Płatek Bartosz T.,0
Matusiak Tomasz,0
Urbański Krzysztof Jerzy,0
Kotulski Marcin,0
Matuszewska Barbara,0
Kawa Bartosz,0
Tomaszewska Dorota,0
Balcerek Michał,0
Dobryszycki Piotr,0
Albiniak Andrzej,0
Kujawska Małgorzata,0
Formalik Filip,0
Trzaska Hubert,0
Zborowska-Lindert Iwona,0
Dudzik Grzegorz,0
Ochromowicz Katarzyna,0
Rudek Maciej,0
Rut Wioletta,0
Muszyński Marek,0
Hrydziuszko Zofia,0
Hubicka Katarzyna,0
Lamch Łukasz,0
Szczepaniak Włodzimierz,163
Rychlik Marcin,0
Cabaj Joanna,0
Niczyj J.,0
Wójs Arkadiusz,163
Biczysko Paweł,0
Szotek Sylwia,0
Ga̧siorek K.,0
Oz̀yhar Andrzej,0
Kozłowska Małgorzata,0
Mydlarczyk Wojciech,0
Gancarz Irena S.,0
Marcinowska Anna,0
Szefczyk Borys,163
Bijak Joanna,0
Glab Agata,0
Popławski Dariusz,0
MacIejewska Gabriela,0
Ga̧sior Paweł,0
Mituś Antoni C.,0
Bućko Aleksandra,0
͆ciana B.,0
Deska Radosław,0
Pezowicz Celina A.,163
͆lełzak Jakub,0
Wilhelm Johannes,0
Skut Jakub,0
Krochmalny Krystian,0
Małecki Paweł,0
Sobański T.,0
Szczurowski Marcin K.,0
Hamerska-Dudra Agnieszka,0
Jasiorski Marek,0
Miller Urszula,0
Witek-Krowiak Anna,0
Podstawczyk Daria Anna,0
Maliszewska Irena H.,0
Trusek-Hołownia Anna,0
Kraj Agata,0
Chludzińska Ludmiła,0
Wojtas Magdalena,0
Kraszewski Sebastian,0
Marcinowski Łukasz,0
Gazińska Małgorzata,0
Baniewicz Kosma,0
Ulatowska Justyna,0
Klijanienko Aleksandra,0
Szumska Anna,0
Wolska Joanna A.,0
Kuzynowski Tomasz,0
Komander Henryk,0
Kopaczek Jan,0
Surgut Natalia,0
Lipowicz U.,0
Mercik Szymon,0
Zatryb Grzegorz,0
Palewska Krystyna,0
Zator Michał,0
Kopaczyńska Marta K.,0
Mączko Herbert S.,0
Sokalski W. Andrzej,163
Sadowski Zygmunt,0
Kozłowski Janusz,0
Gontarczyk A.,0
Zitek Grayna,0
Terefinko Dominik,0
Szpulak Marcin,0
Oyhar Andrzej,0
Doskocz Jacek,0
Haimann Krystyna,0
Pȩkalski Grzegorz,0
Peczyńska-Czoch Wanda,163
Popko Małgorzata,0
Badowski Norbert,0
Mochowski Jacek,0
Siedlecka Renata,0
Kurzynowski Piotr,0
Raczko Maria,0
Sawiński Wojciech,163
Kamila DúS Szachniewicz,0
Tlaczalaa Marek,0
Budzyń Grzegorz,0
Gronostajski Zbigniew,163
Bystranowska Dominika,0
Tarnowicz N.,0
Krysmann Maciej,0
Jankowska Anna,0
Turalski Wojciech,0
Ambrozak A.,0
Zubrzak Bartłomiej,0
Fonał Krzysztof,0
Kruczek Piotr,0
Piȩtka M.,0
Laszczyk Karolina U.,0
Gonczarek Adam,163
Brza̧szcz Monika,0
Górecka Helena,0
Fałat Krzysztof Urbański Tomasz,0
Chmielewska Ewa,0
Motyka Marcin,0
Ditkowski Bartosz,0
Bachmann Katarzyna,0
Skwarski Mateusz,0
Kloc Krystian,0
Bauer Joanna,0
Pałetko Piotr,0
Podhorodecki Artur P.,0
Piotrowska Aleksandra,0
Solyga M.,0
Walczak Maciej,0
Bujkiewicz Liliana,0
Bartkowiak Dorota,0
Baśladyńska Sylwia,0
Czeczot Aleksandra,0
Piotrowska Agnieszka,0
Dyguda-Kazimierowicz Edyta,0
Sieradzki Adam,0
Danielewska Monika E.,0
Holewa Paweł,0
Lisiak Rafal ,0
Jȩdrusyna Artur,0
Seraficzuk J.,0
Nyk Marcin,0
Urbanowska Agnieszka,0
Karlikowski Daniel,0
Anczykowska Agata,0
Mościcki Krzysztof J.,163
Karliński Jacek,0
Michalska Danuta F.,0
Zymicki W.,0
Fra̧ckowiak Renata,0
Niechajowicz Adam,0
Dyba P.,0
Bartkowiak Wojciech,0
Serafińczuk Jarosław,0
Duchiewicz Jan,0
Wąż Adam Tomasz,0
Zelechowska Monika,0
Ryczko Krzysztof,0
Kucharczyk Daniel,0
Misiaszek Tomasz,0
Gawarecki Krzysztof,0
Pasierbek Mac Iej,0
Majewska Małgorzata,0
Drożdżewski Piotr M.,0
Chyla Antoni T.,0
Kulisiewicz Maciej,0
Walczaka Rafał,0
Fhui Yong Shiew,0
Wolański Marcin,0
Wielgus Małgorzata,0
Kozyra Kinga,0
Aniszewska Dorota,0
Rysiakiewicz-Pasek Ewa,163
Giurg Mirosław,0
Nowaczyk M.,0
Drabik Dominik,0
Tylus W.,163
Weron Tomasz,0
Gwóźdź Katarzyna,0
Nowak Wioletta,0
Peksa Paulina,0
Przetocki Jacek,0
Damczyk J.,0
Pawlik Grzegorz,0
Latkowska Magdalena,0
Sojka Bartlomiej,0
Maciejewska Marta,0
Kowalska Małgorzata A.,0
Kulczak Dariusz,0
Uniejewski Bartosz,0
Iskander D. Robert,163
Syperek Marcin,0
Michalska Joanna,0
Skoreński Marcin,0
Szyszka Piotr,0
Lewanowicz Aleksandra,0
HaŁat Adam,163
Utko M.,0
Olesiak-Bańska Joanna,0
Lejczak Barbara,0
Drozdek Sławomir,0
Wiech E.,0
Kowalik Waldemar W.,163
Sotor Jarosław,0
Ścigała Krzysztof,0
Broda Piotr,0
Gładysiewicz Marta,163
Ruziewicz Zdzisław,0
Kirjanów Agata,0
Zielińska Sonia,0
Skwara Bartłomiej,0
Przybylski Michał,0
Markiewicz P.,0
Golacki Lukasz W.,0
Bartczak Bartosz,0
Drag Marcin,0
Bczyńskidro Sławomir,0
Placzek-Popko Eva,0
Wójtowicz-Młochowska Halina,0
Ostasiewicz Katarzyna,0
Winnicki Marcin,0
Lis Krzysztof,0
Gomółka Grzegorz,0
Biegańska Sylwia,0
Banaszczyk M.,0
Kwoka Krzysztof,0
Maruszewski Krzysztof,163
Lasowska Joanna,0
Baranowski Michał,0
Rucka Magdalena,0
Borkowska-Burnecka Jolanta,0
Szymczyk-Zió?kowska Patrycja,163
Noworyta Andrzej,0
Swiderski Krzysztof,0
Weron Aleksander,0
Wieczorek Jan Sylwester,0
Jakubiak Anna,0
Król Robert,0
Łukawski MacIej,0
Muszkieta Monika,0
Łazarek Łukasz K.,0
Greb-Markiewicz Beata,0
Stanńco Mariusz,0
Bomba Jacek Marcin,0
Chlebosz Dorota,0
Zajiczek Żaneta,0
Zlelony E.,0
MacHnikowska Helena,0
Pawłów Barbara,0
Kaleta Agnieszka,0
Pietrucha Tomasz,0
Paszkiewicz Bogdan,0
Kowal Ewa,0
Pawlaczyk Piotr,0
Iwaszko M.,0
Kurzyński Marek W.,0
Rabiega Józef,0
Wilk RadosŁaw,0
Zorawik Tomasz,163
Wojciechowski Walter,0
Granat Kazimierz,163
Palus Jerzy,0
Borwiñska Monika,0
Kasperkiewicz Paulina,0
Suchwałko Artur,0
Siedlecki Damian,0
Żak Andrzej,163
Miszczyk Atrycja,0
Rogacka Justyna,0
Scharoch Pawel,0
Adamiak Bogdan,0
Labus Katarzyna,0
Kolarz A.,0
Sikora Adrian,0
Walkowiak Władysław,0
Da̧browska-Szata Maria,0
Maposah M.,0
Bazylińska Urszula,0
Kudrawiec Robert,0
Stańco Mariusz,0
Boszczyk Agnieszka,0
Kula Agata,0
Fijałkowska-Lichwa Lidia,0
Wojdat Tomasz,0
Licznerski Benedykt W.,0
Nowakowska Anna,0
Olsztyńska-Janus Sylwia,0
Samoc M.,0
Augustyniak Izabela,0
Kamińska Karolina,0
Karpinski Pawel,0
Beogonekdziński Romuald,0
Oświȩcimska Małgorzata,0
Labus Karolina,163
Jadczak Joanna N.,0
Chȩcmanowski Jacek Grzegorz,0
Dubik Bogusława Ł Awa,163
Więckowski Jędrzej,0
Grobelny Andrzej F.,0
Zielony Eunika,0
Majak Marcin,163
Dudek Marta,0
Szyja Bartłomiej Maciej,163
Rudzińska Anna,0
Gajewski Krzysztof,0
Poniedziałek Agata,0
Szlachetko Bogusław,0
Chojnacki Henryk,0
Petrus Rafał Michał,0
Znamirowski Zbigniew,0
Bajda Mirosław,0
Bodzoj Łukasz,0
Sołtys Katarzyna,0
Seliga Justyna,0
Leśniewska Agata,0
Wołczowski Andrzej R.,0
Wysoki?ski Rafa?,0
Grabarek Dawid,163
Trzmiel Justyna,0
Malecha Karol,0
Płuszka Paweł,0
Dziuk B?a?ej,0
Poźniak Gryzelda,0
Kaczmarczyk Jan,163
Grzebyk Tomasz P.,0
Śliwak Agata,0
Huculak-Ma̧czka Marta,0
Zakrzewski Adrian,0
Ingier-Stocka Ewa,0
Chrzanowski Maciej,0
Kasprzak J. F.,0
Berlicki Łukasz,0
Cieślak-Golonka Maria,0
Broczkowska Katarzyna,0
Kolarz Boz̊ena N.,0
Broniek Elżbieta,0
Kordas Wojciech,0
Wanat Weronika,0
Buzalewicz Igor,0
Ratajczyk Florian,0
Boczar Magdalena,0
Al-Adhami Abdulkareem J.H.,0
Tadaszak Katarzyna,0
Lewańczuk Marcin,0
Maly Alina,0
Dmytryk Agnieszka,0
Kołt Sonia,0
Kurka Marcin,0
Radosinski Lukasz,163
Adamski Wojciech,0
Babiarczuk Bartosz,0
Tomasz Grzebyk Piotr Szyszka,0
Dudek Krzysztof,0
Kalka Marta,0
Pietrowicz SŁawomir,163
Michalak Anna,0
Sikora Andrzej,163
Kozuń Marta,0
Kisielewski Waldemar,0
Chojnacka Katarzyna W.,0
Żyrnicki Wieslław,163
Tłaczał M.,0
Leszczyński Jerzy,0
Borowiec Magdalena,0
Dziedzic Janusz,0
Kabsch-Korbutowicz Małgorzata,0
Głuszek Aleksander K.,0
Śródka Wiesław,0
Czerep Michał,0
Zaja̧c Paweł,163
Kowalska Agnieszka,0
Borkowska Agnieszka,0
Rohleder Krzysztof,0
Wiatrowski Artur,0
Niedzwiecki Lukasz,0
Dudziński WŁodzimierz,163
Pawłowski Jakub,0
Harnatkiewicz Piotr,0
Błażej Ryszard,0
Nowakowska Dorota,0
Strub Daniel Jan,0
Szlachta Małgorzata,163
Urbańczyk Marek J.,0
Felba Jan,0
Napiórkowski Maciej,0
Sas Jerzy,163
Goldeman Waldemar,0
Lipínski Józef,0
Biegańska D.,0
Jurdziak Leszek,0
Los Kornelia,0
Szata Mieczysław,0
Cała Paweł,0
Labuda MaŁgorzata,0
Szczygieł Jerzy,163
Turek Anna,0
Sierański Kazimierz,0
Lubryka Eliza,0
Karwat Paweł,0
Moczko Przemysław,0
Rekuć Adriana,0
Trusz-Zdybek Agnieszka,163
Kopiec Daniel,0
Dyguda Edyta,0
Dziedzic Anna,0
Szymczak A.,0
Burduk Robert,163
Antoniak Magda A.,0
Stafiniak Andrzej,0
MacIej Walczak,0
Chcmanowski J. G.,0
Pastuszek Roman,0
Burnecki Krzysztof,0
Korzeniewska Aleksandra K.,0
Obojska Agnieszka,0
Gałecka Katarzyna,0
Marciniak Marcin,0
Gąsior-Głogowska Marlena,0
Ziółek Łukasz,0
Czarczyński Wojciech,0
Kiersnowski Adam,0
Mika Arkadiusz,0
Surmiak Agata,0
Sidorowicz Łukasz,0
Cieślikowska Beata,0
Zelazo A.,0
Janiszewski Tomasz,0
Bieńkowski Paweł,0
Kaszuba Damian,0
Kowalik Janusz,0
Byzia Anna,0
Apostoluk Wiesław S.,0
Jasińska Laura,0
Kaczmar Jacek Władysław,163
Maślak Paweł,0
Nowak Kacper,0
Ramiczek-Krasowska Maria,0
Kapuściński P.,0
Kochman Marian K.,0
Kańska Justyna,0
Sworakowski Juliusz,0
Jaśkiewicz Karol,0
Jumiewicz Henryk,1
Juniewicz Henryk M.,1
Gizewski Stefan,1
Dzik Małgorzata,163
Kasprowicz Magdalena,163
Żelazny Dominik,2
Gnatowski Andrzej,2
Markowski Marcin,163
Smutnicki Czeslaw,2
Idzikowski Radosław,2
Musiał Kamił,2
Grabowski Józef,2
Bozejko Wojciech,163
Nowicki Eugeniusz,2
Burduk Anna,163
Makuchowski Mariusz,163
Zdrzaka Stanisaw,2
Wójcik Robert,2
Kochańska Joanna,2
Niżyński Teodor,2
Smutnicki Czesław,2
Pempera Jarosław,2
Wodecki Mieczysław,2
Uchroński Mariusz,2
Gniewkowski Łukasz,2
Górnicka Dagmara,2
Zdrzałka Stanisław,2
Rudy Jarosław,163
Kotowska Joanna,2
Mroczko Dawid,3
DrzymaŁa Jan,163
Ratajczak Tomasz,3
Simiczyjew Piotr,4
DrzymaŁa Jan,163
Duchnowska Magdalena,4
Łuszczkiewicz Andrzej,4
Chmielewski Tomasz,163
Bakalarz Alicja,4
Król Dawid Jan,5
Allaf Kamil Nouri,5
WymysŁowski Artur,163
Czajczyńska Dina,6
Czajka Krzysztof Marek,163
Krzyzynska Renata,163
Rutkowski Piotr,163
Regucki Paweł,163
Krzyzynska Renata,163
Lewkowicz Marek Kazimierz,7
Kamińska-Chuchmała Anna,8
Saganowski Stanisław,8
Ziȩba Maciej,8
Ohia Dawid,8
Kukła Grzegorz Stanisław,8
Kubiak Michal,8
Augoff Michał,8
Schauer Patryk,8
Cichocki Łukasz,8
Zmyślony Marcin,8
Kamiska-Chuchmaa Anna,8
Gonczarek Adam,163
Jackowski Konrad,8
Piwowarczyk Mateusz,8
Kukul Jakub,8
Filipowski Tomasz,8
Tomczak Jakub M.,8
Pieczyńska-Kuchtiak Agnieszka,8
Augustyniak Łukasz,8
Pieczyńska Agnieszka,8
Trawi Ń Ski Bogdan,8
Stawiak Paweł,8
Jakimczuk Lukasz,8
Popowicz Patryk,8
Lorkiewicz Wojciech A.,8
Danielak Michał,8
Nowak Ziemowit,8
Marczuk Paulina,8
Smȩtek Magdalena,8
Woźniak Michał,163
Krzewińska Justyna,8
Hudziak Mariusz,8
Tomczak Sebastian Klaudiusz,8
Paja̧k Krzysztof,8
Zgrzywa Aleksander,8
Łuczak Tomasz,8
Kokot Adam,8
Prusiewicz Agnieszka,8
Doskocz Piotr,8
Musiai Katarzyna,8
Talaga Michał,8
Juszczyszyn Krzysztof,8
Kwasnicka Halina,163
Telec Zbigniew,8
Krzystanek Marek,8
Kulisiewicz Marcin,8
Kukla Elżbieta,8
Demkiewicz Maciej,8
Kwiatkowski Jan,8
Myka Jakub,8
Palus Sebastian,8
Błażejczyk Ida,8
Fraś Mariusz,8
Matczuk Paulina,8
Fidrysiak Bartosz Andrzej,8
Hnatkowska Bogumiła,163
Tarnawski Michal,8
Borzemski Leszek,8
Goścień Róża,8
Sitarczyk Mateusz,8
Kubacki Jacek,8
ZieRba MacIej,8
Szymański Piotr,8
Pietranik Marcin,8
Majkowska Agnieszka,8
Sztajer Szymon,8
Bogalinski Pawel,8
Cieślińska Katarzyna,8
Lenar Mateusz,8
Kmiecik Wojciech,8
Koszałka Leszek Z.,8
Davies Daniel,8
Daniłowicz Czesław,8
Kutrzyński Marcin,8
Trawiński Grzegorz,8
Trawiński Bogdan,8
Gadek Lukasz,8
Sobolewski Piotr,8
Rudek Agnieszka,8
Graczyk Magdalena,8
Kliber Marta,8
Kakol Adam,8
Piasecki Maciej,163
Kołoszczyk Bartosz,8
Adamski Michał,8
Mulka Mariusz,8
Włodarczyk Adam,8
Litwin Krzysztof,8
Michalski Radosław,8
Kasprzak Andrzej,8
Katarzyniak Radosław,8
Pleszkun Michał,8
Lechowicz Piotr,8
Kajdanowicz Tomasz,8
Plamowski Sławomir,8
Londzin Bartosz,8
Klukowski Piotr,8
Król Dariusz,8
Baczyńska Paulina,8
Unold Olgierd,163
Grzech Adam Piotr,8
Wasilewski Adam,8
Lupa Aleksander,8
Bańczyk Karol,8
Koszaløka Leszek,8
Wilczyński Artur,8
Indyk Wojciech,8
Skorupa Grzegorz,8
Stelmach Paweł,8
Kern Rafał,8
Bródka Piotr,8
Regula Piotr,8
Kazienko Przemysław Law,8
Kozierkiewicz Adrianna,8
Ryba Przemysław,8
Wiȩcek Dominik P.,8
Walkowiak Krzysztof M.,163
Poźniak-Koszałka Iwona,8
Chynał Piotr,8
Roman Marta,8
Falas Łukasz,8
Kopeć Paweł,8
Burduk Robert,163
Świa̧tek Jerzy,8
Kaminski Rafal,8
Malinowski Adrian,8
Grotowski Tomasz,8
Krasnoborski Jacek,8
Muke Patient Zihisire,8
DrapaŁa Jarosław,8
Nguyen Ngoc Thanh,163
Swiatek Pawel,8
Skibicki Krzysztof,8
Kołaczek Grzegorz,8
Brzostowski Krzysztof,8
Markowski Marcin,163
Drygielski Marcin,8
Kiewra Maciej,8
Szymański Jerzy M.,8
Osada Krzysztof,8
Tuligłowicz Włodzimierz,8
Sobecki Janusz F.,8
Komarnicki Marcin Michal,8
Jankowski Dariusz,8
Indyka-Piasecka Agnieszka,163
Witek Pawe,8
Zakrzewska Anna,8
Przewoźniczek Michał Witold,8
Gładysz Malgorzata,163
Kozubal Janusz Witalis,9
Wojtowicz Anna,9
Trapko Wojciech,9
Karolak Anna,9
Schabowicz Krzysztof,9
Trapko Tomasz,9
Sobótka M.,9
Różański Adrian,9
HoŁa Bożena,9
Ho?a Anna,9
Maj Marek,9
Marcinczak Dorota,9
Zaskórski Łukasz,9
Gorzelańczyk Tomasz,9
Bień Jan,9
Biliszczuk Jan,9
Milczarek W.,163
Żak Andrzej,163
Pieczyńska-Kozłowska Joanna M.,9
Kamiński Tomasz,9
Muszyński Zbigniew,9
Krolicka Aleksandra,163
Kaczor Paulina,9
Niewiadomski Paweł,9
Kużawa Mieszko,9
Czarnecki Sławomir,9
Sawicki Marek,163
Goetzke-Pala Adelajda,9
Dmochowski Grzegorz,9
Chwała Marcin,9
Szóstak Mariusz,9
Puła Wojciech,9
Hoła Jerzy,9
Majcher Krzysztof,163
Sadowski Łukasz,9
Wyjadłowski Marek,9
Michałek Jarosław,9
Drzazga Michał,9
Grosel Jacek,9
Ubysz Andrzej,9
Gładysz-Bień Małgorzata,9
Lydzba D.,9
Brza̧kała Włodzimierz,9
Książek M.,9
Krzywiński Kamil,9
Zwolski Jarosław,9
Berkowski Piotr A.,9
Bauer Jerzy,9
Kaźmierowski Maciej,9
Popek Mateusz,9
Nowobilski Tomasz,9
Kawa Marek,9
Szymków Mateusz,9
Radzik Łukasz,9
Herbut Aneta,9
Stefaniuk D.,9
Rainer Jakub,9
Pakos Wojciech,9
Szymanowski Jacek,9
Bywalski Czesław,9
Baca Michał,9
Pachnicz Michał,9
Bagińska Irena,9
Reiner Jacek,163
Sawicki Wojciech,9
Rybak Jarosław,9
Ambroziak Andrzej,163
Kamiński Mieczysław,9
Musiał Michał,9
Matkowski Zygmunt,9
Wójcicki Zbigniew,9
Woda Marek,10
Nikodem Jan,163
Nikodem MacIej,10
Nikodem Mac Iej,163
Karpuk Michał,11
Niemierka Elżbieta,11
Styczeń Krystyń,11
Fidorów-Kaprawy Natalia,11
Szulgowska-Zgrzywa Małgorzata,11
Śniechowska B.,11
Dudkiewicz Edyta,11
Piekarska Katarzyna,163
Pandelidis Demis,11
Dra̧g Paweł,11
Cichoñ Aleksandra,11
Anisimov Sergey,11
Jadwiszczak Piotr,11
Styczein Krystyn,11
Sza?a?ski Pawe?,11
Danielewicz Jan,11
Sayegh Marderos Ara,11
Cepiński Wojciech,11
Szczurek Andrzej,163
Piechurski Krzysztof,11
Jedlikowski Andrzej,11
Pacak Anna,11
Rafaj̷lowicz Wojciech,163
Łukowicz Mirosław R.,163
Wiecha Bernard,12
Wicher Paweł,12
Ciskowski Piotr,13
Halawa Krzysztof,13
Rusiecki Andrzej L.,13
Janiczek Tomasz,13
Bazan Marek,13
Janik Adrianna,13
Myszkowski Paweł B.,163
Skowroński Marek E.,14
Olech Łukasz P.,14
Laszczyk MacIej,14
Kalinowski Dawid,14
Nikulin Ivan,14
Lichodij Joanna,14
Sikora Krzysztof,14
Oślizło Krzysztof,14
Siemieński Jȩdrzej J.,14
Zbigniew Huzar,15
Tuzinkiewicz Lech,15
Bogumiła Hnatkowska,15
Hnatkowska Bogumiła,163
Huzar Zbigniew,15
Lech Tuzinkiewicz,15
Iwona Dubielewicz,15
Sadowska Małgorzata,15
Dubielewicz Iwona,15
Hnatkowskaa Bogumiła,15
Wróbel Karol Tomasz,16
Kowalski Czeslaw T.,16
Korzonek Mateusz,16
Knychas Sebastian,16
Tran-Van Than,16
Nguyen-Thac Khanh,16
Kamińsaki Marcin,16
Kamińsk Marcin,16
Lis Joanna D.,16
Derugo Piotr,16
Nalepa Radosław,16
Szabat Krzysztof,16
Dyrcz Krzysztof P.,16
Klimkowski Kamil,16
Tarchała Grzegorz,16
Kamiński Marcin,16
van Tran Than,16
Teresa Orlowska Kowalska,16
Ewert Paweł,16
Sobański Piotr,16
Skowron Maciej,16
Wolkiewicz Marcin,16
Bednarz Szymon Antoni,16
Dybkowski Mateusz,16
Orlowska-Kowalska T.,16
Serkies Piotr Józef,16
Pawlak Marcin,16
Mulak Maciej,17
Gonczarek Ryszard,163
Gładysiewicz Marta,163
Kordylewski WŁodzimierz K.,163
HaŁat Adam,163
Łuszkiewicz Dariusz,18
Nguyen Ngoc Thanh,163
Mianowska Bernadetta,19
Maleszka Marcin,19
Kordylewski WŁodzimierz K.,163
Modliński Norbert J.,20
Kaczmarczyk Jan,163
Zacharczuk Wojciech,20
Hardy Tomasz,20
Wnukowski Mateusz,163
Kordylewski WŁodzimierz K.,163
Jamróz Piotr,163
Koralewska Joanna,22
Matynia Andrzej,22
Wawrzyniecki Krzysztof,22
Chemiczny Wydział,22
Wierzbowska Bogusława,22
Stanclik Anna,22
Mazieńczuk Agata,22
Ciesielski Tomasz,22
Hutnik Nina,22
Bechtold Zdzisław,22
Kozik Anna,22
Małasińska Monika,22
Rosienkiewicz Maria,163
Kurzynowski Tomasz,23
Sokolski Piotr M.,163
Kuźnicka Bogumiła,23
Szymczyk-Zió?kowska Patrycja,163
Helman Joanna,23
Dybała Bogdan,23
Łabowska Magdalena Beata,23
Ziółkowski Grzegorz,23
Dziedzic Robert,23
Filipiak Jarosław,163
Smolina Irina,23
Michalak Izabela,163
Kurzac Jarosław,23
Pawlak Andrzej,23
Reiner Jacek,163
Rusiński Eugeniusz,163
Gruber K.,23
Chlebus Edward,163
Kobiela Karol,23
Bryja Danuta,24
Sieniawska Róza Z.A.,163
Śrniady P.,24
Gładysz Malgorzata,163
Zukowski Stanislaw,25
Mazur-Śniady Krystyna,25
Sieniawska Róza Z.A.,163
Zielichowski-Haber Wojciech,25
Pigłowski Jacek M.,163
Adamiak Waldemar,26
Micewicz Ewa,26
Źuchowska Danuta,26
Meissner Wanda,26
Steller Ryszard T.,163
Ziaja Jan,27
Henrykowski Artur,163
Steller Ryszard T.,163
Krawczyk Krystian,27
Trojanowska-Tomczak Monika,27
Janukiewicz Jarosław M.,163
Jaroszewski MacIej,27
Szafran Grzegorz,27
Pospieszna Janina,27
Tchórzewski Mariusz,27
Sikora Andrzej,163
Szczurek Andrzej,163
Pasiecznik Iwona Maria,28
Marcinkowski Tadeusz A.,28
Badura Marek,28
Banaszkiewicz Kamil Paweł,28
Polko Krzysztof,29
Szulc Piotr,29
Tietze Tomasz,29
Wójs Kazimierz,29
Nowakowski Tomasz,30
Restel Franciszek J.,30
Kierzkowski Artur,30
Kowalski Marcin,30
Bojda Krzysztof,30
Zaja̧c Paweł,163
Wilkosz Kazimierz,163
Łukowicz Mirosław R.,163
Giel Robert,30
Zaja̧c Mateusz,30
Plewa Marcin,30
Kwaśniowski Stanisław,30
Babczyński Tomasz,30
Tubis Agnieszka,30
Świeboda Justyna,30
Kruczkiewicz Zofia,30
Mlynczak Marek,30
Wolniewicz Łukasz,30
Werbińska-Wojciechowska Sylwia,30
Magott Jan,30
Jodejko-Pietruczuk Anna,30
Radosz Andrzej,163
Szymczak G.,31
Dobierzewska-Mozrzymas Ewa,31
Peisert Jerzy,31
Błlazej M.,31
Newelski M.,31
Biegański Piotr,163
Blazej M.,31
Walendziewski Jerzy,32
Malinowska Bozena,32
Łużny Rafał,32
Pniak Barbara,32
Stolarski Marek,163
Trawczyński Janusz T.,163
Pstrowska Katarzyna,32
Łamacz Agata,32
Stawowy Michalina,32
Steininger MieczysŁaw,32
Zimniak Zbigniew,33
Gronostajski Jerzy Z.,33
Matuszak Andrzej,33
Kasperski Adam,34
Siepak Marcin,34
Chanas Stefan,34
Hradovich Mikita,34
Józefczyk Jerzy,163
Zielinski Pawel,34
Kulej Michał,34
Makuchowski Mariusz,163
Stryczek Piotr,35
Biernacki Krzysztof,35
Bednarczyk Sławomir,35
Marciniak Lubomir,35
Antoniak Piotr,35
Fiebig Wiesław,35
Przystupa Franciszek W.,35
Banaś Michał,35
Krawczyk Justyna,35
Stryczek Jarosław,35
Jędraszczyk Paulina,35
Muszyński Robert,36
Paszuk Dorota,36
Tchoń Krzysztof,163
Kaczmarek Mirela,36
Juszkiewicz Łukasz,36
Dulȩba Ignacy,36
Szrek Jarosław,36
Gronowicz Antoni,163
Ratajczak Adam,36
Zadarnowska Katarzyna,36
Cholewiński Mateusz,36
Sperzyński Przemysław,36
Arent Krzysztof,36
Magiera Władysław,163
Karpińska Joanna,36
Wudarczyk Sławomir,36
Góral Ida,36
Janiak Mariusz,36
Pietrowska Zuzanna,36
Chojnacki Łukasz,36
Drwięga Michał,36
Ratajczak Joanna,36
Mazur Alicja,36
Jakubiak Janusz,36
Bałchanowski J.,36
Btaśkiewicz Przemyslaw,37
Syga Piotr,163
Krzywiecki Łukasz,37
Zawada Marcin,37
Lemiesz Jakub,37
Paja̧k Dominik,37
Kutyļowski Miros̷law,37
Słowik Marcin,37
Cicho? Jacek,37
Wszoła Marta,37
Kutyowski Mirosaw,37
Miroslaw Kutylowski,37
Kutytowski Miroslaw,37
Gomułkiewicz Marcin,37
Lauks Anna,37
Marchwicki Karol,37
Kardas Marcin,37
Klonowski Marek,37
Kik Marcin,37
Goł̧ebiewski Zbigniew,37
Kabarowski Jȩdrzej,37
Koza Michał,37
Kubiak Przemys?aw,37
G?bala Maciej,37
Zagórski Filip,37
Majcher Krzysztof,163
Kluczniak Kamil,37
Wolny Kamil,37
Błaśkiewicz Przemysław,37
Kisiela Anna M.,38
Czajka Krzysztof Marek,163
Rybak Wiesław,163
Ferens Wiesław,38
Kotowski Jerzy F.,163
Nikodem Jan,163
Ułasiewicz Jȩdrzej,39
Słobodzian Piotr M.,163
Kucharski Andrzej A.,40
Borowiec Robert,40
Bieda Bartosz,40
Bandoła P.,41
Gronostajski Zbigniew,163
Skubiszewski T.,41
ZabŁocka-Kluczka Anna,42
Tworek Katarzyna,163
Bieńkowska Agnieszka,42
Marcińczuk Michał,43
Janz Arkadiusz,43
Dziob Agnieszka,43
Wendelberger Michał,43
Dobrowolska-Pigoń Marta,43
Kwasnicka Halina,163
Spytkowski Michał,43
Kurc Roman,43
Piasecki Maciej,163
Myszkowski Paweł B.,163
Piasecki Dominik,43
Radziszewski Adam,43
Naskrȩt Tomasz,43
Paradowski Mariusz,43
Ramocki Radosław,43
Śniatowski Tomasz,43
Kaliński Michał,43
Kaszewski Dominik,43
Czachor Gabriela,43
Kocoń Jan,43
Wieczorek Justyna,43
Walkowiak Tomasz,163
Rudnicka Ewa,43
Kłyk Łukasz,43
Godlewski Grzegorz,43
Wardyński Adam,43
Indyka-Piasecka Agnieszka,163
Piaseckr Maciej,43
Kȩdzia Paweł,43
Kalińlski Michał,43
Maziarz Marek,43
Sas Jerzy,163
Ptak Marcin,43
Orlińska Marlena,43
Pawlaczek Adam,43
Minda Paweł,43
Stanek Michał,43
Kaczmar Jacek Władysław,163
Steller Ryszard T.,163
Iwko Jacek,44
Sokalski W. Andrzej,163
Osiadacz Jarosław X.,45
Peczyńska-Czoch Wanda,163
Hasiewicz Zygmunt,46
Śliwiński Przemysław,163
Wachel Paweł,163
Åšliwiński Przemysław,46
Mzyk Grzegorz,46
Charewicz Wojciech,47
Walkowiak Krzysztof M.,163
Donajski Maciej,47
Walkowiak Wojciech,48
Kolanek Czesław,48
Mendyka Bozena,163
Osys Małgorzata,49
Kulig Marcin,49
Jaworski Grzegorz,163
Hornik Pawel,49
Jagoda Marcin,49
Maleszka Tomasz,49
Preisner Michal,49
Hofman Mariusz,49
Grzelka Piotr,49
Byndas Arkadiusz,49
Sachse Krzysztof,49
Górski Przemyslaw A.,163
Opalka Przemyslaw,49
Kamaszuk Monika,49
Kabacik Paweł,49
Chruściel Marcin,49
Hornik Monika,49
Hossa Robert,163
Bozym Janusz,50
Pruchnik Dariusz,50
Dudziak Eugeniusz,163
Popek Michał,51
Kulas Zbigniew M.,163
Świa̧tek-Najwer Ewelina,51
͆wiatek-Najwer Ewelina,51
Żuk Magdalena,163
Majak Marcin,163
Smolnicki Tadeusz,163
Sokolski Piotr M.,163
Sokolski Marek,52
Szczygieł Bogdan,163
Sikora Andrzej,163
Chlebus Edward,163
Skotnicki Lukasz,54
Szydło Antoni,163
Kuźniewski Jaroslaw,54
Nemś Artur,55
Pomorski Michał,163
Bać Anna,55
Nemś M.,55
Kasperski Jacek,55
Ropuszyńska-Surma Edyta,56
Wylomańska Agnieszka,163
Wȩglarz Magdalena,56
Dudek Marcin W.,57
Ba̧k Maciej,57
Piasecki Tomasz,163
Grzempowski Piotr,58
Milczarek W.,163
Blachowski Jan,163
Korzeniowski Marcin,59
Kustroń Paweł,59
Ambroziak Andrzej,163
Gomułkiewicz Jan,163
Mikołajczak Anna,60
Mosior Marian,60
Palak Rafał,61
Krótkiewicz Marek,61
Jodłowiec Marcin,61
Wojtkiewicz Krystian,61
Ludwig Wojciech,163
Englart Sebastian,62
Szafran Roman Grzegorz,163
Kmiec̀ Andrzej,62
Patronik Piotr,62
Niemczyk Katarzyna,63
Arik Pelin,63
Michalak Izabela,163
Serafin Grzegorz,64
Zorawik Tomasz,163
Byczkowski Tomasz,64
Grzywny Tomasz,64
Sztonyk Paweł,64
Palmowski Zbigniew,64
Juszczyszyn Tomasz,64
Małecki Jacek,64
Jakubowski Tomasz,64
Pilarczyk Dominika,64
Bogus Kamil,64
Ryznar Michał,64
Szczypkowski Karol,64
Kulczycki Tadeusz,64
Bogdan Krzysztof,64
Michalik Krzysztof,64
Kwaśnicki Mateusz,64
Zaleski A.,65
Nowak Piotr M.,163
Jabłonka Stanisław,65
Mora Czesław,65
Zagrabski Maciej,66
Weber Paweł,66
Nikodem Mac Iej,163
Pȩkala Janusz,67
Świerczyński Zbigniew,67
G?omb Grzegorz,67
Stȩpień A. F.,67
Guszkowski Tomasz,67
Kasprzak Bogdan,67
Glapiński Jarosław,67
Skorupski Krzysztof,67
Mroczka Janusz,163
Polak Adam G.,67
Wysoczański Dariusz,67
Szczuczyński Damian Konrad,67
Jabłoński Ireneusz,67
Zielińska Amelia,68
Szczepaniak Włodzimierz,163
Gurgul Agnieszka,68
Zabłocka-Malicka Monika,68
Rutkowski Piotr,163
Gajewski Juliusz B.,163
Kala Wieslaw,69
Glód Bogumil J.,69
Smakulski Przemysław,70
Pietrowicz SŁawomir,163
Pomorski Michał,163
Błasiak Przemysław,70
Kolasiński Piotr,70
Gnutek Zbigniew,70
Rak Józef,70
Paduchowicz P.,71
Stachowicz Mateusz,71
Jaworski Grzegorz,163
Granat Kazimierz,163
Kamiński Michał,71
Pałyga Łukasz,71
Janus A.,71
Opyd B.,71
Markuszewska K.,71
Nowak Daniel,71
Mazulis J.,71
Mroczka Janusz,163
Ostrowski Mariusz,72
Płachta Kamil,72
Kania Dariusz,72
Borkowski Józef,72
Regucki Paweł,163
Piechota Piotr,73
Wȩdrychowicz Wiesław,163
Andruszkiewicz Artur,73
Synowiec Piotr,73
Szewczyk Henryk,74
Wȩdrychowicz Wiesław,163
Grygoriev Anatolii,74
Strzelecka Katarzyna,74
Jezowiecka-Kabsch Krystyna,74
Jòz̀wiak Ireneusz J.,163
Huk Maciej,75
Kędziora Michał,75
Melińska Aleksandra U.,75
Szczepanik Micha̷l,75
Rysiakiewics-Pasek E.,76
Marczuk Krystyna,76
Rysiakiewicz-Pasek Ewa,163
RosoŁowski Eugeniusz,77
Solak Krzysztof,77
Smetek Gabriela,77
Michalik Marek,77
Brusilowicz Bartosz,77
Ižykowski Jan,77
Bozek Marcin,77
Pierz Piotr,77
Rebizant Waldemar,77
Szafran Janusz,77
Herlender Justyna,77
Łukowicz Mirosław R.,163
Mola̧g Rafal,77
Wiszniewski Andrzej,77
Muc Sylwia,78
Gudra Tadeusz,163
Bereś-Pawlik Elžbieta M.,163
Kania Ewa,79
Kurczyńska Monika,79
Bartuzel Maciej M.,79
Wrona Artur,79
Unold Olgierd,163
Ciombor Marika,79
Balbus Joanna,79
Hrydziuszko Olga,79
Kotulska MaŁgorzata,163
Konopka Bogumił M.,79
Wozniak Pawel P.,79
Żulpo Magdalena,79
Kubica Krystian,79
Dyrka Witold,79
Zembrzuski Mieczyslaw,80
Ziȩba Anita,80
Banaszak Teresa,80
Miller Ryszard,80
Orpiszewski Józef,81
Szykuła Jerzy,81
Hebda Cezary,81
Szczepanik Anna,82
Buca Marek,82
Zieliński Stefan,82
Sambor Sławomir,83
Rzepka Janusz,163
Pieńkowski Janusz,83
Andruniów Tadeusz,84
Szefczyk Borys,163
Góra Robert W.,163
Walczak Elżbieta,84
Grabarek Dawid,163
Wolański Łukasz,84
Szczepanik Zdzisław,85
Rucki Zbigniew,85
Moroń Zbigniew,85
Markowski Janusz B.,86
Oleszkiewicz Waldemar,163
Zdanowski Jerzy,163
Wiȩckowski Tadeusz W.,163
Kubal Sławomir,87
Pomianek Adam J.,87
Kowal Michał,87
Jóskiewicz Zbigniew M.,87
Janukiewicz Jarosław M.,163
Staniec Kamil,163
Zieliński Ryszard J.,87
Rycerz Leszek,163
Szczepaniak Włodzimierz,163
Bogacz Aleksander,88
Rychlewski Tomasz,89
Miziak Piotr,89
Szefczyk Borys,163
Gancarz Roman,163
Trzeciak Marta,90
Żuk Magdalena,163
Pezowicz Celina A.,163
Świerczok Arkadiusz,91
Jȩdrusik Maria,91
Wierczok Arkadiusz J.,91
Jdrusik Maria,91
Gajewski Juliusz B.,163
Rosienkiewicz Maria,163
Kowalski Arkadiusz,92
Chlebus Tomasz,92
Burduk Anna,163
Kotowski Jerzy F.,163
Szlachcic Ewa,93
Cichoń Andrzej,93
Greblicki Jerzy W.,93
Musialik-Piotrowska Anna,163
Ciolek Joanna,94
Mościcki Krzysztof J.,163
Reiner Jacek,163
Rafaj̷lowicz Wojciech,163
Jurewicz Piotr,95
Szydło Antoni,163
Krawczyk Bartłomiej,96
Dobrucki Dariusz,96
Janik Przemysław,97
Wąsowski Marek,163
Leonowicz Z.,97
Łobos Tadeusz,97
Gubański Adam,97
Jasiński Michał,97
Szymańda Jarosław M.,97
Ruczewski Piotr,97
Rezmer Jacek,97
Sikorski Tomasz,97
Wacławek Zbigniew,97
Kostyła Paweł,97
Kaczorowska Dominika,97
Kowalik Waldemar W.,163
Michalski Marian,98
Plokarz Halina,98
Kovlalik Waldemar,98
Dubik Bogusława Ł Awa,163
Pietraszkiewicz Kazimierz,98
Rybaczuk Marek,163
Grzegorczyk Marcin,99
Maruszewski Krzysztof,163
Malashkevich G. I.,100
Maruszewski Krzysztof,163
Pawlik Elżbieta Beres,163
Walecka-Jankowska Katarzyna,101
Hopej Marian,101
Zgrzywa-Ziemak Anna,101
Tworek Katarzyna,163
Martan Janusz,163
Gumienny Zbigniew,163
Pluta Mieczysław,102
Kosz Dariusz,102
Postawka Aleksandra,103
Śliwiński Przemysław,163
Rudy Jarosław,163
Gaj K.,163
Sitarska Magdalena,104
Traczewska Teodora Małgorzata,104
Zamorska-Wojdyła Dorota,104
Hołtra Anna,104
Nowak Damian,163
Winiarski Paweł,105
Kłossowicz Adam,105
Kukula Radoslaw,105
Wajs Jarosław,163
Milczarek W.,163
Kasza Damian,106
Mazurkiewicz Jacek,107
Zamojski Wojciech,107
Krekora Przemysław,107
Caban Dariusz,107
Michalska Katarzyna,107
MacIejewski Henryk,107
Walkowiak Tomasz,163
Datko Szymon,107
Kaźmierczak Wojciech,108
Niemiec Jarosław,108
Kuchta Małgorzata,108
Morayne Michał L.,108
Oskwarek Anita,109
Łupińska Anita,109
Araszkiewicz Michał,109
Kozioł Antoni,109
Koziol Antoni,109
Łupiński Michał,109
Kaźmierczak Bartosz,110
Siekanowicz-Grochowina Katarzyna,110
Licznar Paweł,110
Szlachta Małgorzata,163
Kotowski Andrzej,110
Wartalska Katarzyna,110
Oktawiec Michał,110
Nowakowska Monika,110
Sówka Izabela,163
Trusz-Zdybek Agnieszka,163
Zwoździak Anna B.,111
Rybak Justyna,111
Bełcik Maciej Krzysztof,111
Piekarska Katarzyna,163
Jadczyk Piotr,111
Karpińska-Smulikowska Joanna,111
Kułażyński Marek,112
Burchacka Ewa,163
Fałtynowicz Hanna,163
Bratek Wiesław,112
Bratek Krystyna,112
Kaczmarczyk Jan,163
Staszewski Wiktor,113
Gudra Tadeusz,163
Opieliński Krzysztof J.,113
Banasiak Dariusz,113
Celmer Mateusz,113
Piotrowski Tomasz,113
Dzierzanowski Witold,114
Tomczyk Andrzej,114
Wąsowski Marek,163
Okraszewski Zenon,114
Miedziński Bogdan,114
Habrych Marcin,114
Pyda Daniel,114
Staniec Kamil,163
Magiera Władysław,163
Wielgus Agnieszka,115
Libal Urszula,163
Filcek Grzegorz,116
Hojda Maciej S.,116
Józefczyk Jerzy,163
Kuchta Dorota,117
Skomra Agnieszka,117
Betta Jan,117
Czepkowski T.,118
Drzazga Włodzimierz,118
Słòwko Witold,118
Stosiak Michał,119
Kudźma Zygmunt,119
Radziwanowska Urszula,119
Osi?ski Piotr,119
Kollek Wacław,119
Radomyski Bohdan,120
Trawczyński Janusz T.,163
Szczygieł Jerzy,163
Sawiński Wojciech,163
Ludwig Wojciech,163
Dziak Janusz,121
Kapłon Jacek,121
Llorens-Quintana Clara,122
Iskander D. Robert,163
Sielużycki Cezary Andrzej,122
Syga Piotr,163
Antończak Arkadiusz J.,163
Kowalewski Piotr,123
Łęcka Katarzyna M.,123
Czepiżak Dariusz,124
Jasieńko Jerzy,163
Jankowski Ludomir J.,163
Pyrka Piotr,125
Rogala Zbigniew,125
Halon Tomasz,125
Chorowski Maciej,163
Almigheerbi Tareq Salahi,126
Lamek Anna,126
Ramsey David Mark,126
Rycerz Leszek,163
Szymanska-Kolodziej Monika,127
Kolodziej Pavel,127
Szymańska Agnieszka,128
Markowska-Kaczmar Urszula,128
Culer Łukasz,128
Strempski Andrzej,129
Dudek Michał,129
Strzałkowski Paweł,129
Blachowski Jan,163
Wirth Herbert,129
Kaźmierczak Urszula,129
Wo?niak Justyna,129
Pactwa Katarzyna,129
Górniak-Zimroz Justyna,129
Zawilak Jan,130
Zalas Paweł,130
Zawilak Tomasz,130
Gwoździewicz MacIej,130
Antal Ludwik,130
Stankiewicz Maciej,131
Reiner Jacek,163
Kotnarowski G.,131
Mendyka Bozena,163
Syczewska Krystyna,132
Musialik-Piotrowska Anna,163
Kowalski Zbigniew W.,163
Martan Janusz,163
Wilk Janusz,133
Pyzalski Tomasz,134
Łukomski Robert,134
Wilkosz Kazimierz,163
Magiera Ryszard,135
Jokiel-Rokita Alicja,135
Wilczyński Maciej,135
Pigón Krzysztof,136
Radomski Ryszard,136
Radomska Maria,136
Krajewska A.,136
Kȩdzierski Jan,137
Tchoń Krzysztof,163
Frontkiewicz Mirela,137
Dziergwa Michał,137
Kaczmarek Paweł,137
Hryszko Jarosław,138
Jureczko Marian,138
Madeyski Lech,138
Wiȩcek Piotr,139
Radzik Tadeusz,139
Połowczuk Wojciech,139
Walczyński Maciej,140
Bozejko Wojciech,163
Dobrucki Andrzej B.,163
Białobrzeska Beata,141
Jasiński Robert,141
Dudziński WŁodzimierz,163
Konat Łukasz,141
Wojciechowski Jakub W.,142
Labus Karolina,163
Radosinski Lukasz,163
Zemojtel Piotr,142
Czyżewska Katarzyna,143
Labus Karolina,163
Trusek Anna,143
Płaskota Przemysław,144
Kin Maurycy J.,144
Dobrucki Andrzej B.,163
Remiezowicz Eryk,145
Paja̧k Maksymilian,145
Skrzypiński Wojciech,145
Dudziński WŁodzimierz,163
Lachowicz Maciej B.,146
Lachowicz Marzena M.,146
Hull Sylwia,147
Trawczyński Janusz T.,163
Chomiak Maciej,147
Roszak Szczepan M.,163
Kuchta Bogdan,163
Roszak Sz,148
Olinski Michał,149
Gronowicz Antoni,163
Żuk Magdalena,163
Michalak Izabela,163
Mokrzycki Jakub,150
Rutkowski Piotr,163
Komorowska MaŁgorzata,163
Gomułkiewicz Jan,163
Langner Marek,163
Kasprzak Henryk T.,163
Szmigiel Marta A.,152
Wylomańska Agnieszka,163
Żyrnicki Wieslław,163
Kułakowska B.,153
Kulalcowska B.,153
Szklarczyk Mirosław,154
Sówka Izabela,163
Sobczyński Piotr,154
Skrȩtowicz Maria,154
Nowak-Wožny Dorota,155
Rybak Wiesław,163
Hrycaj Grzegorz,155
Głowiński Józef,156
HaŁat Adam,163
Tylus W.,163
Gaj K.,163
Cybulska Hanna,157
Knop Franciszek,157
Justyna Górna,158
Majewska-Nowak Katarzyna M.,163
Katarzyna Majewska Nowak,158
Górna Justyna,158
Modrzycki Wojciech,159
Jȩdrzejewski Jerzy,159
Winiarski Zdzisław,159
Kowal Zbigniew,159
Łatka Leszek,163
Sokołowski Paweł,160
Ambroziak Andrzej,163
Szyja Bartłomiej Maciej,163
Smykowski Daniel,163
Szczygieł Jerzy,163
Wójs Arkadiusz,163
Wójcik K.,162
Gładysiewicz Anna,162
